"ProductName","Description","Color"
"Intelligent Leather Shoes","Premium self-lacing leather shoes with nano-coated soles. Adapts to foot shape for all-day comfort. Water and stain resistant. Perfect blend of classic style and smart technology.","brown"
"Sleek Linen Lamp","Minimalist linen lamp with adjustable brightness. Energy-efficient LED lasts 20,000 hours. Touch-sensitive controls and weighted base for stability. Fits modern decor seamlessly.","white"
"Aerodynamic Copper Computer","Ultra-thin copper-clad PC with quantum processor. Holographic display and biometric security. Tapered design enhances airflow while saving desk space.","red"
"Practical Bronze Wallet","Antimicrobial bronze wallet with RFID protection. Spring-loaded card holder and built-in tracking chip. Durable and secure for everyday use.","gold"
"Practical Concrete Coat","Weather-resistant concrete-infused coat with temperature regulation. Flexible yet protective with magnetic closure pockets. Surprisingly machine washable.","gray"
"Small Rubber Lamp","Durable rubber lamp with flexible neck. Waterproof and shock-resistant design. Simple push-button control with suction cup base. Ideal for kids or workshops.","black"
"Intelligent Aluminum Hat","Smart aluminum-weave hat with UV protection. Monitors sun exposure and alerts when shade is needed. Ventilated and foldable for travel.","silver"
"Sleek Granite Knife","Granite-reinforced kitchen knife that never needs sharpening. Ergonomic handle and non-porous surface. Dishwasher safe with included magnetic strip.","black"
"Synergistic Leather Watch","Hybrid smartwatch with health sensors in genuine leather. Tracks heart rate and activity while maintaining classic aesthetics. Self-charging from motion.","brown"
"Synergistic Rubber Watch","Sporty rubber watch with GPS and 100m water resistance. Shock-absorbent case protects touchscreen. Syncs with fitness apps for week-long battery life.","blue"
"Practical Silk Watch","Elegant silk-wrapped smartwatch with hidden notifications. Hypoallergenic and wireless charging. Combines luxury with discreet technology.","purple"
"Durable Wool Shirt","Temperature-regulating wool shirt that resists odors. Reinforced stitching for longevity. Wrinkle-resistant fabric works for professional or casual settings.","green"
"Sleek Plastic Car","Futuristic concept car with plastic composite body. Autonomous driving and solar panel roof. Modular interior adapts to passenger or cargo needs.","red"
"Ergonomic Leather Gloves","Premium driving gloves with touchscreen-compatible fingertips. Perforated leather for breathability. Padded palms reduce vibration fatigue.","brown"
"Sleek Concrete Gloves","Industrial-strength gloves with concrete fiber reinforcement. Flexible coating allows dexterity while shielding against abrasions. Breathable lining wicks sweat.","gray"
"Intelligent Copper Table","Smart dining table with embedded copper charging surfaces. Interactive place settings and adjustable LED lighting. Tempered glass top reveals beautiful inlay.","orange"
"Sleek Plastic Shoes","Lightweight plastic shoes with perfect arch support. Ventilated design keeps feet cool. Slip-resistant soles provide wet surface traction.","pink"
"Practical Rubber Bag","Waterproof rubber backpack with sealed compartments. Antimicrobial material floats and cleans easily. Reflective strips enhance visibility.","yellow"
"Awesome Cotton Shoes","Breathable cotton shoes with memory foam insoles. Flexible sole allows natural movement. Machine washable and quick-drying.","white"
"Fantastic Copper Clock","Copper wall clock with silent sweeping movement. Patina finish develops character over time. Includes temperature/humidity sensors.","copper"
"Aerodynamic Aluminum Table","Ultra-light aluminum table with wind-resistant design. Foldable legs for portability. Scratch-resistant surface withstands daily use.","silver"
"Mediocre Leather Bench","No-frills leather bench with wooden legs. Faux leather upholstery is easy to clean. Compact size fits entryways.","brown"
"Synergistic Steel Bench","Modern steel bench with ergonomic curves. Powder-coated finish resists rust. Tempered slats provide firm yet flexible support.","black"
"Sleek Cotton Clock","Fabric-covered clock with silent quartz movement. Minimalist design blends into any decor. Hidden stitching ensures durability.","white"
"Ergonomic Paper Keyboard","Ultra-thin foldable keyboard from paper composite. Water-resistant and Bluetooth-enabled. Perfect lightweight travel solution.","gray"
"Rustic Copper Keyboard","Vintage-style mechanical keyboard with copper keycaps. Tactile switches provide satisfying feedback. USB-C connection ensures compatibility.","copper"
"Lightweight Plastic Hat","Breathable plastic sun hat with UPF 50+ protection. Wide brim shields face. Adjustable chin strap and foldable design.","blue"
"Gorgeous Iron Watch","Iron-cased watch with minimalist dial. Scratch-resistant crystal face and water resistance. Genuine leather strap.","black"
"Rustic Rubber Computer","Rugged shockproof laptop with rubberized shell. Spill-resistant keyboard and reinforced ports. Long-lasting battery life.","green"
"Fantastic Paper Computer","Revolutionary laptop with biodegradable paper shell. High performance with solar-charging option. Eco-conscious tech solution.","beige"
"Fantastic Silk Computer","Luxury laptop wrapped in soft-touch silk. Ultra-slim with high-res touchscreen. Whisper-quiet cooling system.","gold"
"Practical Copper Computer","Durable all-in-one PC with copper heat dissipation. Anti-glare screen reduces eye strain. Modular design allows easy upgrades.","red"
"Rustic Silk Shirt","Handwoven silk shirt with textured finish. Breathable fabric with reinforced seams. Dresses up or down effortlessly.","cream"
"Heavy Duty Rubber Shoes","Industrial-grade rubber boots with steel toe. Slip-resistant soles and waterproof design. Cushioned insoles for comfort.","black"
"Enormous Granite Bag","Statement handbag from polished granite panels. Surprisingly lightweight yet durable. Spacious interior for essentials.","gray"
"Aerodynamic Marble Chair","Sculpted marble chair with contoured seat. Polished surface stays cool. Weighted base ensures stability.","white"
"Practical Steel Bag","Steel-framed briefcase with ballistic nylon. Locking mechanism secures valuables. Padded shoulder strap for comfort.","silver"
"Practical Aluminum Gloves","Heat-resistant aluminum mesh gloves. Flexible design allows dexterity. Machine washable for easy maintenance.","gray"
"Sleek Leather Pants","Form-fitting leather pants with stretch panels. Tapered leg and hidden pockets. Streamlined stylish look.","black"
"Fantastic Paper Shoes","Eco-friendly shoes from recycled paper composite. Water-resistant with cushioned insole. Biodegradable yet stylish.","beige"
"Aerodynamic Rubber Wallet","Slim flexible wallet reduces bulk. RFID-blocking material with elasticized band. Secure card and cash storage.","blue"
"Small Iron Gloves","Compact iron-reinforced work gloves. Articulated fingers allow precision. Protects against impacts.","black"
"Aerodynamic Bronze Shoes","Bronze-infused running shoes for energy return. Breathable mesh upper. Lightweight design enhances speed.","bronze"
"Practical Linen Bottle","Linen-wrapped insulated water bottle. Double-wall insulation keeps temperature. Natural fibers prevent condensation.","tan"
"Aerodynamic Leather Shoes","Streamlined leather racing shoes. Microfiber insole absorbs shock. Grippy outsole for traction.","brown"
"Small Plastic Car","Durable plastic RC toy car. Rechargeable battery provides 30min playtime. Bright colors for visibility.","red"
"Incredible Marble Table","Luxurious marble coffee table. Live-edge design with sturdy metal base. Each piece unique.","white"
"Gorgeous Wooden Bag","Handcrafted wooden clutch bag. Magnetic closure and lightweight design. Unique polished finish.","walnut"
"Mediocre Silk Table","Basic silk-covered side table. Delicate fabric adds elegance. Best for low-traffic areas.","pink"
"Awesome Rubber Chair","Waterproof rubber chair for patios. Flexible easy-clean material. Stackable for storage.","yellow"
"Small Bronze Lamp","Compact bronze desk lamp. Adjustable arm for focused lighting. Weighted base prevents tipping.","bronze"
"Heavy Duty Leather Bottle","Rugged leather-wrapped flask. Stainless steel interior with screw-top lid. Belt loop for carrying.","brown"
"Practical Cotton Computer","Cotton canvas laptop sleeve. Padded protection with magnetic flap. Inner pocket for cables.","khaki"
"Durable Paper Shirt","Strong shirt from recycled paper fibers. Water-resistant treatment. Minimalist versatile design.","white"
"Practical Iron Hat","Wide-brimmed iron-infused sun hat. Wire-reinforced edge holds shape. Adjustable chin strap.","gray"
"Durable Aluminum Shoes","Ultra-light aluminum sneakers. Perforated design for airflow. Cushioned sole absorbs impact.","silver"
"Enormous Paper Gloves","Oversized paper gloves for insulation. Ideal for hot dishes or messy crafts. Disposable yet sturdy.","white"
"Ergonomic Wool Chair","Plush wool-blend armchair. High back provides neck support. Deep seat encourages relaxation.","cream"
"Enormous Aluminum Coat","Metallic aluminum trench coat. Water-repellent finish with oversized collar. Lightweight yet striking.","silver"
"Rustic Steel Pants","Steel-reinforced work pants. Rugged canvas resists tears. Adjustable waistband for comfort.","brown"
"Sleek Silk Car","Concept car with silk-covered interior. Self-driving AI and panoramic glass roof. Limited edition.","black"
"Enormous Aluminum Shirt","Metallic shirt from aluminum threads. Flexible fabric creates fashion statement. Hand wash only.","silver"
"Aerodynamic Wooden Watch","Lightweight wooden sports watch. Solar-powered movement. Natural grain ensures uniqueness.","walnut"
"Synergistic Copper Pants","Copper-infused performance pants. Stretch fabric allows full motion. Regulates temperature.","copper"
"Gorgeous Silk Hat","Luxury silk cloche hat. Structured brim frames face. Satin lining ensures comfort.","ivory"
"Sleek Silk Hat","Minimalist silk baseball cap. Adjustable strap for custom fit. Breathable lining prevents overheating.","black"
"Intelligent Iron Bench","Smart bench with firmness-adjusting sensors. Weatherproof coating for indoor/outdoor use.","charcoal"
"Lightweight Linen Car","Linen-composite concept car. Solar-powered engine. Prioritizes sustainability.","beige"
"Enormous Bronze Clock","Grand bronze wall clock. Antique finish with pendulum. Precise quartz movement.","bronze"
"Fantastic Wool Gloves","Soft wool gloves with touchscreen tips. Ribbed cuffs keep out cold. Breathable fabric.","gray"
"Mediocre Cotton Car","Basic cotton toy car for toddlers. Embroidered details. Soft stuffing for safety.","blue"
"Enormous Marble Plate","Massive marble serving platter. Natural veining makes unique. Non-porous easy-clean surface.","white"
"Aerodynamic Bronze Car","Vintage-inspired bronze sports car. Reduced drag design. Handcrafted interior with modern tech.","bronze"
"Heavy Duty Steel Shoes","Steel-toe work boots. Oil-resistant soles. Padded collar reduces fatigue. OSHA-approved.","black"
"Heavy Duty Paper Shoes","Disposable reinforced paper shoe covers. Elasticized opening fits most footwear.","white"
"Gorgeous Linen Car","Linen-upholstered luxury convertible. Retractable fabric roof. Eco-friendly materials.","cream"
"Incredible Plastic Chair","Transparent acrylic chair. Supports 300 lbs. Modern floating appearance.","clear"
"Incredible Linen Clock","Linen-faced wall clock. Silent sweep movement. Neutral tones blend anywhere.","taupe"
"Practical Bronze Chair","Bronze-framed chair with woven seat. Patina develops character. Promotes good posture.","bronze"
"Small Leather Bench","Compact leather bench with storage. Tufted top lifts for hidden compartment.","brown"
"Enormous Leather Hat","Wide-brimmed leather hat. Water-treated finish repels rain. Inner sweatband for comfort.","black"
"Practical Plastic Wallet","RFID-blocking plastic wallet. Snap closure keeps cards secure. Transparent design.","clear"
"Synergistic Marble Bottle","Marble-insulated water bottle. Non-slip silicone base. Keeps drinks cold 24 hours.","white"
"Enormous Wool Shoes","Oversized wool slippers. Memory foam insole. Stretchy knit accommodates swollen feet.","gray"
"Intelligent Wool Clock","Smart wool-covered clock. Shows time, temperature, humidity. Auto-adjusting brightness.","cream"
"Awesome Linen Chair","Breezy linen armchair. Lightweight frame. Removable cover for easy cleaning.","beige"
"Gorgeous Leather Bag","Supple leather tote bag. Roomy interior fits laptop. Crossbody strap for versatility.","cognac"
"Practical Rubber Knife","Flexible rubber training knife. Safe for practice. Realistic design. Dishwasher safe.","black"
"Synergistic Marble Shoes","Marble-patterned sneakers. Cushioned sole. Breathable mesh upper. Unique veining.","white"
"Incredible Granite Car","Granite-accented luxury sedan. Polished stone dashboard inlays. Hand-assembled exclusivity.","gray"
"Aerodynamic Leather Lamp","Leather-shaded desk lamp. Adjustable gooseneck. Weighted base prevents tipping.","brown"
"Sleek Linen Plate","Linen-textured ceramic plates. Matte finish. Microwave and dishwasher safe.","white"
"Ergonomic Wool Coat","Tailored wool coat. Articulated sleeves for movement. Hidden snap ventilation adjustments.","charcoal"
"Awesome Cotton Computer","Organic cotton laptop sleeve. Recycled padding. Front pocket for accessories.","natural"
"Fantastic Aluminum Lamp","Sculptural aluminum floor lamp. Adjustable brightness. Curved arm directs light.","silver"
"Synergistic Rubber Car","Rubberized toy car. Bounce-off durability. Non-toxic material for kids.","red"
"Aerodynamic Iron Car","Iron-body vintage roadster. Retro-futuristic design. Turbocharged modern engine.","gunmetal"
"Small Granite Watch","Minimalist granite-faced watch. Stainless steel band. 50m water resistance.","gray"
"Aerodynamic Granite Watch","Granite-reinforced sports watch. Lightweight design reduces drag. GPS and heart rate monitor.","black"